model,exec_orig,exec_tuned,intent_orig,intent_tuned,success_orig,success_tuned,bleu_orig,bleu_tuned
deepseek,0.676,0.837,1.0,1.0,0.424,0.601,3.4508805845662422,6.619600164926123
gemma,0.647,0.625,1.0,1.0,0.389,0.358,3.3107972256836162,2.9632595895193967
internlm2,0.702,0.641,1.0,1.0,0.418,0.385,3.3331088008349083,3.086205934791985
mistral,0.719,0.886,1.0,1.0,0.473,0.585,3.7946361385865472,7.449017520457891
qwen2.5,0.716,0.653,1.0,1.0,0.467,0.379,4.060147832995812,3.0398261320520166
