Epoch,DeepSeek-7B,Gemma-7B,InternLM2-7B,Mistral-7B,Qwen2.5-7B
0,1.4898676,2.4472258499999997,2.2202759999999997,0.9057133,1.9151846
1,0.9922588000000001,2.13658465,2.0388028,0.6226140499999999,1.0799992
2,0.9432876,2.41546135,1.7394394000000002,0.5053222500000001,0.714793
